<?xml version="1.0" encoding="UTF-8"?>
<project-private xmlns="http://www.netbeans.org/ns/project-private/1">
    <editor-bookmarks xmlns="http://www.netbeans.org/ns/editor-bookmarks/2" lastBookmarkId="0"/>
    <open-files xmlns="http://www.netbeans.org/ns/projectui-open-files/2">
        <group>
            <file>file:/C:/Users/Admin/Desktop/project/quanlyduanbangiay/src/Repository/ProductRepo.java</file>
            <file>file:/C:/Users/Admin/Desktop/project/quanlyduanbangiay/src/Views/KhachHangDialog.java</file>
            <file>file:/C:/Users/Admin/Desktop/project/quanlyduanbangiay/src/Repository/ProductDetailRepo.java</file>
            <file>file:/C:/Users/Admin/Desktop/project/quanlyduanbangiay/src/Views/KhachHangS.java</file>
            <file>file:/C:/Users/Admin/Desktop/project/quanlyduanbangiay/src/Repository/impl/AbstractBaseRepo.java</file>
            <file>file:/C:/Users/Admin/Desktop/project/quanlyduanbangiay/src/Utils/DatabaseUtils.java</file>
            <file>file:/C:/Users/Admin/Desktop/project/quanlyduanbangiay/src/Repository/HoaDonRepository.java</file>
            <file>file:/C:/Users/Admin/Desktop/project/quanlyduanbangiay/src/Repository/BaseRepo.java</file>
            <file>file:/C:/Users/Admin/Desktop/project/quanlyduanbangiay/src/Model/ProductViewModel.java</file>
            <file>file:/C:/Users/Admin/Desktop/project/quanlyduanbangiay/src/Service/QuanLyHoaDonService.java</file>
            <file>file:/C:/Users/Admin/Desktop/project/quanlyduanbangiay/src/Repository/impl/ProductRepoImpl.java</file>
            <file>file:/C:/Users/Admin/Desktop/project/quanlyduanbangiay/src/entity/Staff.java</file>
            <file>file:/C:/Users/Admin/Desktop/project/quanlyduanbangiay/src/Views/Main.java</file>
        </group>
    </open-files>
</project-private>
